{"cameraMode":{"drawMode":0,"name":"Shaded","section":"Shading Mode"},"sceneLighting":true,"audioPlay":false,"sceneViewState":{"m_AlwaysRefresh":false,"showFog":true,"showSkybox":true,"showFlares":true,"showImageEffects":true,"showParticleSystems":true,"showVisualEffectGraphs":true,"m_FxEnabled":true},"in2DMode":false,"pivot":{"x":63.29680252075195,"y":38.446929931640628,"z":101.86767578125},"rotation":{"x":-0.06775404512882233,"y":-0.009879854507744313,"z":0.0006710259476676583,"w":-0.9976529479026794},"size":608.3141479492188,"orthographic":false}